label,quality_estimate,total_videos,evaluation_videos,balanced_train_videos,unbalanced_train_videos,evaluation_hours,balanced_train_hours,unbalanced_train_hours
Music,100.0,1011305,5695,6244,999366,2801.8,15.8,17.3
Speech,100.0,1010480,5324,5735,999421,2793.5,14.7,15.9
Vehicle,100.0,128051,780,860,126411,354.2,2.2,2.4
Musical instrument,100.0,117343,406,532,116405,325.9,1.1,1.5
Plucked string instrument,100.0,44565,254,302,44009,123.8,0.7,0.8
Singing,100.0,42493,362,517,41614,118.0,1.0,1.4
Car,100.0,41554,280,296,40978,114.9,0.8,0.8
Animal,100.0,40758,698,734,39326,112.6,1.9,2.0
"Outside, rural or natural",100.0,35731,185,255,35291,99.1,0.5,0.7
"Violin, fiddle",100.0,28125,60,64,28001,78.1,0.2,0.2
Bird,100.0,26894,208,172,26514,74.6,0.6,0.5
Drum,100.0,20246,197,189,19860,56.2,0.5,0.5
Engine,100.0,16245,189,186,15870,45.0,0.5,0.5
"Narration, monologue",100.0,15590,60,60,15470,43.3,0.2,0.2
Drum kit,100.0,15169,82,94,14993,42.1,0.2,0.3
Acoustic guitar,100.0,14568,92,60,14416,40.5,0.3,0.2
Dog,100.0,13705,230,273,13202,37.9,0.6,0.8
"Child speech, kid speaking",100.0,11816,211,154,11451,32.8,0.6,0.4
Bass drum,100.0,9292,89,87,9116,25.8,0.2,0.2
Rail transport,100.0,9052,172,189,8691,25.1,0.5,0.5
Motor vehicle (road),100.0,9044,90,63,8891,25.0,0.2,0.2
Water,100.0,8994,294,286,8414,24.9,0.8,0.8
"Female speech, woman speaking",100.0,8513,75,60,8378,23.6,0.2,0.2
Siren,100.0,8498,212,207,8079,23.5,0.6,0.6
"Railroad car, train wagon",100.0,8361,166,183,8012,23.2,0.5,0.5
Tools,100.0,8107,100,101,7906,22.5,0.3,0.3
Silence,100.0,7662,59,60,7543,21.2,0.2,0.2
Snare drum,100.0,6842,82,93,6667,19.0,0.2,0.3
Wind,100.0,6805,183,168,6454,18.9,0.5,0.5
"Bird vocalization, bird call, bird song",100.0,6372,169,128,6075,17.7,0.5,0.4
Fowl,100.0,6248,213,202,5833,17.3,0.6,0.6
"Wind instrument, woodwind instrument",100.0,6083,262,262,5559,16.9,0.7,0.7
Emergency vehicle,100.0,5730,144,141,5445,15.8,0.4,0.4
Laughter,100.0,5696,119,112,5465,15.8,0.3,0.3
"Chirp, tweet",100.0,4633,70,60,4503,12.8,0.2,0.2
Rapping,100.0,4496,62,60,4374,12.5,0.2,0.2
Cheering,100.0,4380,61,65,4254,12.2,0.2,0.2
"Gunshot, gunfire",100.0,4221,174,178,3869,11.6,0.5,0.5
Radio,100.0,4214,60,60,4094,11.7,0.2,0.2
Cat,100.0,3964,109,122,3733,10.9,0.3,0.3
Hi-hat,100.0,3900,60,60,3780,10.8,0.2,0.2
Helicopter,100.0,3698,60,60,3578,10.3,0.2,0.2
Fireworks,100.0,3051,60,60,2931,8.4,0.2,0.2
Stream,100.0,2847,60,60,2727,7.9,0.2,0.2
Bark,100.0,2632,60,60,2512,7.3,0.2,0.2
"Baby cry, infant cry",100.0,2390,60,60,2270,6.6,0.2,0.2
Snoring,100.0,2334,60,60,2214,6.5,0.2,0.2
Train horn,100.0,2275,62,63,2150,6.3,0.2,0.2
Double bass,100.0,2274,60,61,2153,6.3,0.2,0.2
Explosion,100.0,2274,60,63,2151,6.0,0.2,0.2
"Crowing, cock-a-doodle-doo",100.0,2093,60,60,1973,5.7,0.2,0.2
Bleat,100.0,2078,61,60,1957,5.7,0.2,0.2
Computer keyboard,100.0,2042,60,60,1922,5.7,0.2,0.2
Civil defense siren,100.0,1963,60,60,1843,5.5,0.2,0.2
"Bee, wasp, etc.",100.0,1868,60,60,1748,5.2,0.2,0.2
Bell,100.0,1844,60,60,1724,5.1,0.2,0.2
Chainsaw,100.0,1787,60,60,1667,5.0,0.2,0.2
Oink,100.0,1784,60,60,1664,4.9,0.2,0.2
Tick,100.0,1746,60,60,1626,4.8,0.2,0.2
Tabla,100.0,1729,63,63,1603,4.8,0.2,0.2
Liquid,100.0,1721,61,61,1599,4.8,0.2,0.2
"Traffic noise, roadway noise",100.0,1694,68,60,1566,4.7,0.2,0.2
"Beep, bleep",100.0,1600,61,62,1477,4.3,0.2,0.2
Frying (food),100.0,1594,60,60,1474,4.4,0.2,0.2
"Whack, thwack",100.0,1563,60,62,1441,4.3,0.2,0.2
Sink (filling or washing),100.0,1552,61,66,1425,4.3,0.2,0.2
"Burping, eructation",100.0,1302,60,60,1182,3.5,0.2,0.2
Fart,100.0,1231,61,60,1110,3.3,0.2,0.2
Sneeze,100.0,1200,59,60,1081,3.3,0.2,0.2
Aircraft engine,100.0,1155,60,60,1035,3.2,0.2,0.2
Arrow,100.0,1072,61,60,951,3.0,0.2,0.2
Giggle,100.0,991,60,60,871,2.7,0.2,0.2
Hiccup,100.0,931,60,60,811,2.6,0.2,0.2
Cough,100.0,871,60,60,751,2.4,0.2,0.2
Cricket,100.0,859,64,63,732,2.4,0.2,0.2
Sawing,100.0,804,60,60,684,2.2,0.2,0.2
Tambourine,100.0,745,60,60,625,2.1,0.2,0.2
Pump (liquid),100.0,603,60,61,482,1.7,0.2,0.2
Squeak,100.0,192,60,60,72,0.5,0.2,0.2
"Male speech, man speaking",90.0,17716,63,60,17593,49.1,0.2,0.2
Keyboard (musical),90.0,10473,148,142,10183,29.1,0.4,0.4
"Pigeon, dove",90.0,8523,60,60,8403,23.6,0.2,0.2
"Motorboat, speedboat",90.0,8078,60,60,7958,22.4,0.2,0.2
Female singing,90.0,7949,60,60,7829,22.0,0.2,0.2
Brass instrument,90.0,7513,213,231,7069,20.9,0.6,0.6
Motorcycle,90.0,7261,61,60,7140,20.1,0.2,0.2
Choir,90.0,6709,98,62,6549,18.6,0.3,0.2
"Race car, auto racing",90.0,6574,75,60,6439,18.2,0.2,0.2
"Chicken, rooster",90.0,6352,86,82,6184,17.6,0.2,0.2
Idling,90.0,6241,92,60,6089,17.3,0.3,0.2
Sampler,90.0,5457,61,60,5336,15.2,0.2,0.2
Ukulele,90.0,5292,60,60,5172,14.7,0.2,0.2
Synthesizer,90.0,5041,60,60,4921,14.0,0.2,0.2
Cymbal,90.0,4688,70,64,4554,13.0,0.2,0.2
Spray,90.0,3080,60,60,2960,8.5,0.2,0.2
Accordion,90.0,2894,61,61,2772,8.0,0.2,0.2
Scratching (performance technique),90.0,2890,61,61,2768,8.0,0.2,0.2
Child singing,90.0,2644,60,60,2524,7.3,0.2,0.2
Cluck,90.0,2483,60,60,2363,6.9,0.2,0.2
"Water tap, faucet",90.0,2442,75,87,2280,6.8,0.2,0.2
Applause,90.0,2247,60,64,2123,6.2,0.2,0.2
Toilet flush,90.0,2243,60,60,2123,6.2,0.2,0.2
Whistling,90.0,1985,60,61,1864,5.5,0.2,0.2
Vacuum cleaner,90.0,1974,60,60,1854,5.5,0.2,0.2
Meow,90.0,1961,61,60,1840,5.3,0.2,0.2
Chatter,90.0,1952,60,60,1832,5.4,0.2,0.2
Whoop,90.0,1889,60,60,1769,5.2,0.2,0.2
Sewing machine,90.0,1867,60,60,1747,5.2,0.2,0.2
Bagpipes,90.0,1776,61,60,1655,4.9,0.2,0.2
"Subway, metro, underground",90.0,1756,61,60,1635,4.9,0.2,0.2
"Walk, footsteps",90.0,1683,60,60,1563,4.6,0.2,0.2
Whispering,90.0,1656,62,60,1534,4.6,0.2,0.2
"Crying, sobbing",90.0,1462,62,60,1340,4.1,0.2,0.2
Thunder,90.0,1296,63,70,1163,3.6,0.2,0.2
Didgeridoo,90.0,1240,60,60,1120,3.4,0.2,0.2
Church bell,90.0,1202,62,66,1074,3.3,0.2,0.2
Ringtone,90.0,1123,61,60,1002,3.1,0.2,0.2
Buzzer,90.0,977,60,60,857,2.7,0.2,0.2
"Splash, splatter",90.0,939,60,61,818,2.6,0.2,0.2
Fire alarm,90.0,921,60,60,801,2.6,0.2,0.2
Chime,90.0,912,63,66,783,2.5,0.2,0.2
Babbling,90.0,862,60,60,742,2.4,0.2,0.2
Glass,90.0,845,60,60,725,2.3,0.2,0.2
"Chewing, mastication",90.0,829,60,60,709,2.3,0.2,0.2
Microwave oven,90.0,823,60,60,703,2.3,0.2,0.2
"Air horn, truck horn",90.0,810,60,59,691,2.2,0.2,0.2
Growling,90.0,787,62,61,664,2.2,0.2,0.2
Telephone bell ringing,90.0,703,60,60,583,1.9,0.2,0.2
Moo,90.0,689,60,60,569,1.9,0.2,0.2
Change ringing (campanology),90.0,665,60,60,545,1.8,0.2,0.2
Hands,90.0,437,60,60,317,1.2,0.2,0.2
Camera,90.0,429,60,63,306,1.2,0.2,0.2
Pour,90.0,394,60,60,274,1.1,0.2,0.2
Croak,90.0,380,60,60,260,1.0,0.2,0.2
Pant,90.0,292,60,60,172,0.8,0.2,0.2
Finger snapping,90.0,164,60,60,44,0.4,0.2,0.2
Gargling,90.0,137,60,60,17,0.4,0.2,0.2
"Inside, small room",88.89,76694,590,764,75340,212.8,1.6,2.1
"Outside, urban or manmade",88.89,34343,226,256,33861,95.0,0.6,0.7
Truck,88.89,11045,101,74,10870,30.6,0.3,0.2
Bowed string instrument,88.89,10296,111,115,10070,28.6,0.3,0.3
Medium engine (mid frequency),88.89,6132,60,60,6012,17.0,0.2,0.2
"Marimba, xylophone",88.89,5516,73,82,5361,15.3,0.2,0.2
Aircraft,88.89,5476,113,109,5254,15.2,0.3,0.3
Cello,88.89,5282,67,67,5148,14.7,0.2,0.2
Flute,88.89,4781,60,62,4659,13.3,0.2,0.2
Glockenspiel,88.89,4119,64,66,3989,11.4,0.2,0.2
Power tool,88.89,3293,77,75,3141,9.1,0.2,0.2
"Fixed-wing aircraft, airplane",88.89,2985,66,61,2858,8.3,0.2,0.2
"Waves, surf",88.89,2819,63,64,2692,7.8,0.2,0.2
Duck,88.89,2603,60,60,2483,7.2,0.2,0.2
Clarinet,88.89,2121,60,63,1998,5.9,0.2,0.2
Goat,88.89,2047,60,60,1927,5.6,0.2,0.2
Honk,88.89,1829,60,60,1709,5.1,0.2,0.2
Skidding,88.89,1541,60,60,1421,4.3,0.2,0.2
Hammond organ,88.89,1408,62,69,1277,3.9,0.2,0.2
Electronic organ,88.89,1325,63,61,1201,3.7,0.2,0.2
Thunderstorm,88.89,1262,63,65,1134,3.5,0.2,0.2
Steelpan,88.89,988,60,59,869,2.7,0.2,0.2
"Slap, smack",88.89,870,60,59,751,2.2,0.1,0.2
Battle cry,88.89,447,60,60,327,1.2,0.2,0.2
Percussion,87.5,16948,247,263,16438,47.1,0.7,0.7
Trombone,87.5,2795,64,65,2666,7.8,0.2,0.2
Banjo,87.5,2456,60,60,2336,6.8,0.2,0.2
Mandolin,85.71,2375,63,60,2252,6.6,0.2,0.2
Guitar,80.0,51597,306,350,50941,143.3,0.8,1.0
Strum,80.0,14002,63,60,13879,38.9,0.2,0.2
"Boat, Water vehicle",80.0,13571,239,242,13090,37.6,0.7,0.7
"Accelerating, revving, vroom",80.0,12038,151,60,11827,33.2,0.4,0.2
Electric guitar,80.0,12024,125,65,11834,33.4,0.3,0.2
Orchestra,80.0,8414,60,60,8294,23.4,0.2,0.2
Wind noise (microphone),80.0,6464,149,143,6172,17.9,0.4,0.4
Effects unit,80.0,4778,111,107,4560,13.3,0.3,0.3
"Livestock, farm animals, working animals",80.0,4535,115,124,4296,12.5,0.3,0.3
Police car (siren),80.0,3659,60,61,3538,10.1,0.2,0.2
Rain,80.0,3392,104,113,3175,9.4,0.3,0.3
Printer,80.0,3383,60,60,3263,9.4,0.2,0.2
Drum machine,80.0,3348,69,60,3219,9.3,0.2,0.2
"Fire engine, fire truck (siren)",80.0,3199,61,60,3078,8.8,0.2,0.2
Insect,80.0,3164,168,171,2825,8.8,0.5,0.5
Skateboard,80.0,3049,61,60,2928,8.4,0.2,0.2
Coo,80.0,2918,60,61,2797,8.1,0.2,0.2
Conversation,80.0,2264,60,60,2144,6.3,0.2,0.2
Typing,80.0,2108,60,66,1982,5.8,0.2,0.2
Harp,80.0,2043,60,62,1921,5.7,0.2,0.2
"Thump, thud",80.0,1800,60,60,1680,5.0,0.2,0.2
Mechanisms,80.0,1785,109,118,1558,4.9,0.3,0.3
"Canidae, dogs, wolves",80.0,1704,64,60,1580,4.7,0.2,0.2
"Chuckle, chortle",80.0,1693,62,60,1571,4.7,0.2,0.2
Rub,80.0,1667,139,145,1383,4.6,0.4,0.4
Boom,80.0,1650,60,61,1529,4.6,0.2,0.2
"Hubbub, speech noise, speech babble",80.0,1480,60,60,1360,4.1,0.2,0.2
Telephone,80.0,1298,60,60,1178,3.6,0.2,0.2
Blender,80.0,1263,60,60,1143,3.5,0.2,0.2
Whimper,80.0,1255,60,59,1136,3.4,0.2,0.2
Screaming,80.0,1246,61,59,1126,3.4,0.2,0.2
Wild animals,80.0,1175,63,61,1051,3.3,0.2,0.2
Pig,80.0,984,60,60,864,2.7,0.2,0.2
Artillery fire,80.0,980,60,61,859,2.7,0.2,0.2
"Electric shaver, electric razor",80.0,865,60,60,745,2.4,0.2,0.2
Baby laughter,80.0,863,61,60,742,2.4,0.2,0.2
Crow,80.0,850,60,60,730,2.3,0.2,0.2
Howl,80.0,838,60,60,718,2.3,0.2,0.2
Breathing,80.0,834,61,61,712,2.3,0.2,0.2
"Cattle, bovinae",80.0,820,62,62,696,2.2,0.2,0.2
"Roaring cats (lions, tigers)",80.0,792,61,60,671,2.2,0.2,0.2
Clapping,80.0,790,60,60,670,2.2,0.2,0.2
Alarm,80.0,787,61,60,666,2.2,0.2,0.2
"Chink, clink",80.0,784,60,60,664,2.1,0.2,0.2
Ding,80.0,775,67,62,646,2.1,0.2,0.2
Toot,80.0,753,60,60,633,2.1,0.2,0.2
Clock,80.0,735,60,60,615,2.0,0.2,0.2
Children shouting,80.0,673,60,60,553,1.9,0.2,0.2
Fill (with liquid),80.0,636,60,60,516,1.8,0.2,0.2
Purr,80.0,543,60,60,423,1.5,0.2,0.2
Rumble,80.0,501,60,60,381,1.4,0.2,0.2
Boing,80.0,476,60,61,355,1.3,0.2,0.2
Breaking,80.0,466,60,60,346,1.2,0.2,0.2
Light engine (high frequency),80.0,433,60,60,313,1.2,0.2,0.2
Cash register,80.0,366,60,60,246,1.0,0.2,0.2
Bicycle bell,80.0,224,60,60,104,0.6,0.2,0.2
"Inside, large room or hall",77.78,27975,162,168,27645,77.7,0.5,0.5
"Domestic animals, pets",77.78,19842,348,412,19082,54.9,1.0,1.1
Bass guitar,77.78,6441,60,60,6321,17.9,0.2,0.2
Electric piano,77.78,4673,61,62,4550,13.0,0.2,0.2
Trumpet,77.78,3834,63,64,3707,10.6,0.2,0.2
Horse,77.78,3319,86,77,3156,9.1,0.2,0.2
Mallet percussion,77.78,3248,61,61,3126,9.0,0.2,0.2
Organ,77.78,2962,123,119,2720,8.2,0.3,0.3
Bicycle,77.78,2958,60,60,2838,8.1,0.2,0.2
Rain on surface,77.78,2859,60,60,2739,7.9,0.2,0.2
Quack,77.78,2582,74,76,2432,7.1,0.2,0.2
Drill,77.78,1978,60,60,1858,5.5,0.2,0.2
Machine gun,77.78,1858,60,61,1737,5.1,0.2,0.2
Lawn mower,77.78,1626,60,60,1506,4.5,0.2,0.2
"Smash, crash",77.78,1475,60,60,1355,4.1,0.2,0.2
"Trickle, dribble",77.78,1353,60,60,1233,3.7,0.2,0.2
Frog,77.78,1248,61,62,1125,3.4,0.2,0.2
Writing,77.78,843,60,60,723,2.3,0.2,0.2
Steam whistle,77.78,825,70,70,685,2.3,0.2,0.2
Groan,77.78,702,60,60,582,1.9,0.2,0.2
Hammer,77.78,505,60,60,385,1.4,0.2,0.2
Doorbell,77.78,331,60,60,211,0.9,0.2,0.2
Shofar,77.78,329,60,60,209,0.9,0.2,0.2
Cowbell,77.78,299,60,60,179,0.8,0.2,0.2
"Wail, moan",77.78,215,60,59,96,0.6,0.2,0.2
Bouncing,77.78,214,60,60,94,0.6,0.2,0.2
Distortion,75.0,2915,118,62,2735,8.1,0.3,0.2
Vibraphone,75.0,1522,60,60,1402,4.2,0.2,0.2
Air brake,75.0,877,60,60,757,2.4,0.2,0.2
Field recording,75.0,363,60,60,243,1.0,0.2,0.2
Piano,70.0,11523,91,87,11345,32.0,0.3,0.2
Male singing,70.0,7224,61,60,7103,20.0,0.2,0.2
Bus,70.0,5290,60,59,5171,14.6,0.2,0.2
Wood,70.0,3459,165,166,3128,9.6,0.5,0.5
Tap,70.0,3439,60,60,3319,9.5,0.2,0.2
Ocean,70.0,3333,68,68,3197,9.2,0.2,0.2
Door,70.0,2518,63,61,2394,6.8,0.2,0.2
Vibration,70.0,2448,60,60,2328,6.8,0.2,0.2
Television,70.0,2234,61,61,2112,5.9,0.2,0.2
Harmonica,70.0,2216,60,61,2095,6.2,0.2,0.2
Basketball bounce,70.0,2075,60,61,1954,5.7,0.2,0.2
Clickety-clack,70.0,2028,60,76,1892,5.6,0.2,0.2
"Dishes, pots, and pans",70.0,1824,60,60,1704,5.1,0.2,0.2
"Crumpling, crinkling",70.0,1636,60,60,1516,4.5,0.2,0.2
Sitar,70.0,1581,60,60,1461,4.4,0.2,0.2
Tire squeal,70.0,1557,61,60,1436,4.3,0.2,0.2
"Fly, housefly",70.0,1541,116,117,1308,4.3,0.3,0.3
Sizzle,70.0,1353,66,62,1225,3.8,0.2,0.2
Slosh,70.0,1218,59,60,1099,3.3,0.2,0.2
Engine starting,70.0,1108,60,60,988,3.1,0.2,0.2
Mechanical fan,70.0,827,60,60,707,2.3,0.2,0.2
Stir,70.0,816,61,60,695,2.3,0.2,0.2
Children playing,70.0,812,60,60,692,2.3,0.2,0.2
Ping,70.0,799,60,59,680,2.2,0.2,0.2
Owl,70.0,634,61,60,513,1.7,0.2,0.2
Alarm clock,70.0,582,63,62,457,1.6,0.2,0.2
Car alarm,70.0,519,60,60,399,1.4,0.2,0.2
"Telephone dialing, DTMF",70.0,455,60,61,334,1.3,0.2,0.2
Sine wave,70.0,452,60,60,332,1.3,0.2,0.2
Thunk,70.0,434,60,60,314,1.2,0.2,0.2
Coin (dropping),70.0,392,60,60,272,1.1,0.2,0.2
Crunch,70.0,379,61,60,258,1.0,0.2,0.2
Zipper (clothing),70.0,369,60,60,249,1.0,0.2,0.2
Mosquito,70.0,342,60,60,222,0.9,0.2,0.2
Shuffling cards,70.0,309,60,59,190,0.9,0.2,0.2
Pulleys,70.0,152,60,60,32,0.4,0.2,0.2
Toothbrush,70.0,127,60,60,7,0.3,0.2,0.2
Crowd,66.67,10403,140,147,10116,28.8,0.4,0.4
Saxophone,66.67,3075,62,63,2950,8.5,0.2,0.2
"Rowboat, canoe, kayak",66.67,2822,60,60,2702,7.8,0.2,0.2
Steam,66.67,2111,60,62,1989,5.9,0.2,0.2
Ambulance (siren),66.67,1939,65,69,1805,5.4,0.2,0.2
Goose,66.67,1799,69,71,1659,5.0,0.2,0.2
Crackle,66.67,1501,62,60,1379,4.1,0.2,0.2
Fire,66.67,1445,61,62,1322,4.0,0.2,0.2
Turkey,66.67,1143,60,61,1022,3.2,0.2,0.2
"Heart sounds, heartbeat",66.67,1051,65,73,913,2.9,0.2,0.2
Singing bowl,66.67,895,60,60,775,2.5,0.2,0.2
Reverberation,66.67,866,60,60,746,2.4,0.2,0.2
Clicking,66.67,769,60,60,649,2.1,0.2,0.2
Jet engine,66.67,758,64,64,630,2.1,0.2,0.2
"Rodents, rats, mice",66.67,649,61,60,528,1.8,0.2,0.2
Typewriter,66.67,623,60,60,503,1.7,0.2,0.2
Caw,66.67,600,60,60,480,1.6,0.2,0.2
Knock,66.67,322,60,60,202,0.9,0.2,0.2
"Ice cream truck, ice cream van",66.67,290,60,60,170,0.8,0.2,0.2
Stomach rumble,66.67,253,60,60,133,0.7,0.2,0.2
French horn,62.5,1220,60,61,1099,3.4,0.2,0.2
Roar,62.5,943,60,60,823,2.6,0.2,0.2
Theremin,62.5,631,60,60,511,1.8,0.2,0.2
Pulse,62.5,205,60,60,85,0.6,0.2,0.2
Train,60.0,12823,173,188,12462,35.6,0.5,0.5
Run,60.0,4409,60,60,4289,12.2,0.2,0.2
"Vehicle horn, car horn, honking",60.0,3707,60,60,3587,9.4,0.2,0.2
Clip-clop,60.0,3325,60,60,3205,9.1,0.2,0.2
Sheep,60.0,2658,60,60,2538,7.3,0.2,0.2
"Whoosh, swoosh, swish",60.0,1410,62,61,1287,3.8,0.2,0.2
Timpani,60.0,1366,60,60,1246,3.8,0.2,0.2
Throbbing,60.0,1302,60,60,1182,3.6,0.2,0.2
Firecracker,60.0,1300,59,60,1181,3.6,0.2,0.2
Belly laugh,60.0,843,61,61,721,2.3,0.2,0.2
Train whistle,60.0,763,61,60,642,2.1,0.2,0.2
Whistle,60.0,663,60,61,542,1.8,0.2,0.2
Whip,60.0,449,60,60,329,1.2,0.2,0.2
Gush,60.0,416,60,60,296,1.2,0.2,0.2
Biting,60.0,366,63,60,243,1.0,0.2,0.2
Scissors,60.0,311,60,60,191,0.9,0.2,0.2
Clang,60.0,304,60,60,184,0.8,0.2,0.2
Single-lens reflex camera,57.14,479,60,60,359,1.3,0.2,0.2
Chorus effect,57.14,358,60,60,238,1.0,0.2,0.2
"Inside, public space",55.56,6787,60,59,6668,18.8,0.2,0.2
"Steel guitar, slide guitar",55.56,2824,62,62,2700,7.8,0.2,0.2
Waterfall,55.56,1498,60,62,1376,4.1,0.2,0.2
Hum,55.56,1439,82,106,1251,4.0,0.2,0.3
Raindrop,55.56,1238,66,66,1106,3.4,0.2,0.2
"Propeller, airscrew",55.56,1046,60,60,926,2.9,0.2,0.2
Filing (rasp),55.56,698,60,60,578,1.9,0.2,0.2
Reversing beeps,55.56,382,60,60,262,1.1,0.2,0.2
Shatter,55.56,368,61,60,247,1.0,0.2,0.2
Sanding,55.56,192,60,60,72,0.5,0.2,0.2
Wheeze,55.56,186,60,59,67,0.5,0.2,0.2
Hoot,55.56,169,60,60,49,0.5,0.2,0.2
Bow-wow,50.0,3884,74,60,3750,10.7,0.2,0.2
Car passing by,50.0,3805,60,61,3684,10.5,0.2,0.2
Tick-tock,50.0,2898,60,60,2778,8.0,0.2,0.2
Hiss,50.0,2583,103,95,2385,7.2,0.3,0.3
Snicker,50.0,1857,61,60,1736,5.1,0.2,0.2
Whimper (dog),50.0,1826,60,60,1706,5.1,0.2,0.2
Shout,50.0,1368,60,60,1248,3.8,0.2,0.2
Echo,50.0,1284,60,59,1165,3.6,0.2,0.2
Rattle,50.0,1072,60,60,952,3.0,0.2,0.2
Sliding door,50.0,1047,59,60,928,2.9,0.2,0.2
Gobble,50.0,909,60,60,789,2.5,0.2,0.2
Plop,50.0,903,60,60,783,2.5,0.2,0.2
Yell,50.0,794,60,60,674,2.2,0.2,0.2
Drip,50.0,781,60,60,661,2.2,0.2,0.2
"Neigh, whinny",50.0,591,60,60,471,1.6,0.2,0.2
Bellow,50.0,511,60,60,391,1.4,0.2,0.2
Keys jangling,50.0,509,60,60,389,1.4,0.2,0.2
Ding-dong,50.0,476,60,60,356,1.3,0.2,0.2
Buzz,50.0,450,60,60,330,1.2,0.2,0.2
Scratch,50.0,397,60,60,277,1.1,0.2,0.2
Rattle (instrument),50.0,395,60,60,275,1.1,0.2,0.2
Hair dryer,50.0,390,60,60,270,1.1,0.2,0.2
Dial tone,50.0,375,60,60,255,1.0,0.2,0.2
Tearing,50.0,374,60,60,254,1.0,0.2,0.2
Bang,50.0,360,60,60,240,1.0,0.2,0.2
Noise,50.0,349,60,60,229,1.0,0.2,0.2
"Bird flight, flapping wings",50.0,347,60,60,227,1.0,0.2,0.2
Grunt,50.0,334,60,60,214,0.9,0.2,0.2
Jackhammer,50.0,281,60,60,161,0.8,0.2,0.2
Drawer open or close,50.0,274,60,60,154,0.8,0.2,0.2
Whir,50.0,270,60,60,150,0.7,0.2,0.2
Tuning fork,50.0,200,60,60,80,0.6,0.2,0.2
Squawk,50.0,160,60,60,40,0.4,0.2,0.2
Jingle bell,44.44,1184,61,61,1062,3.3,0.2,0.2
"Smoke detector, smoke alarm",44.44,548,62,60,426,1.5,0.2,0.2
Train wheels squealing,44.44,502,60,60,382,1.4,0.2,0.2
Caterwaul,44.44,500,60,60,380,1.4,0.2,0.2
Mouse,44.44,413,60,60,293,1.1,0.2,0.2
Crack,44.44,262,60,60,142,0.7,0.2,0.2
Whale vocalization,44.44,249,60,60,129,0.7,0.2,0.2
Squeal,44.44,183,60,60,63,0.5,0.2,0.2
Zither,42.86,1217,60,62,1095,3.4,0.2,0.2
Rimshot,40.0,4528,76,87,4365,12.6,0.2,0.2
Drum roll,40.0,2968,64,66,2838,8.2,0.2,0.2
"Burst, pop",40.0,2278,61,60,2157,6.1,0.2,0.2
Wood block,40.0,2159,60,60,2039,6.0,0.2,0.2
Harpsichord,40.0,2080,62,61,1957,5.8,0.2,0.2
White noise,40.0,1808,60,60,1688,5.0,0.2,0.2
Bathtub (filling or washing),40.0,1691,60,60,1571,4.7,0.2,0.2
Snake,40.0,1248,62,60,1126,3.4,0.2,0.2
Environmental noise,40.0,1242,60,62,1120,3.4,0.2,0.2
String section,40.0,1192,60,60,1072,3.3,0.2,0.2
Cacophony,40.0,856,59,60,737,2.4,0.2,0.2
Maraca,40.0,592,59,59,474,1.6,0.2,0.2
Snort,40.0,511,60,60,391,1.4,0.2,0.2
Yodeling,40.0,491,61,60,370,1.4,0.2,0.2
Electric toothbrush,40.0,293,60,60,173,0.8,0.2,0.2
Cupboard open or close,40.0,190,60,60,70,0.5,0.2,0.2
Sound effect,37.5,8351,59,60,8232,22.4,0.1,0.2
Tapping (guitar technique),37.5,1808,62,60,1686,5.0,0.2,0.2
Ship,37.5,864,61,60,743,2.4,0.2,0.2
Sniff,37.5,205,60,60,85,0.6,0.2,0.2
Pink noise,33.33,1010,60,60,890,2.8,0.2,0.2
Tubular bells,33.33,514,61,60,393,1.4,0.2,0.2
Gong,33.33,485,60,61,364,1.3,0.2,0.2
Flap,33.33,469,60,60,349,1.3,0.2,0.2
Throat clearing,33.33,355,60,60,235,0.9,0.2,0.2
Sigh,33.33,321,60,59,202,0.9,0.2,0.2
Busy signal,33.33,273,59,60,154,0.7,0.2,0.2
Zing,33.33,203,60,59,84,0.6,0.2,0.2
Sidetone,33.33,195,60,60,75,0.5,0.2,0.2
Crushing,33.33,176,60,60,56,0.5,0.2,0.2
Yip,30.0,2363,61,60,2242,6.5,0.2,0.2
Gurgling,30.0,1933,60,60,1813,5.3,0.2,0.2
"Jingle, tinkle",30.0,1233,61,62,1110,3.4,0.2,0.2
Boiling,30.0,447,60,60,327,1.2,0.2,0.2
Mains hum,30.0,439,62,67,310,1.2,0.2,0.2
Humming,30.0,429,60,60,309,1.2,0.2,0.2
Sonar,30.0,333,60,59,214,0.9,0.2,0.2
Gasp,30.0,329,60,60,209,0.9,0.2,0.2
"Power windows, electric windows",30.0,266,60,60,146,0.7,0.2,0.2
Splinter,30.0,153,61,60,32,0.4,0.2,0.2
Heart murmur,28.57,440,60,60,320,1.2,0.2,0.2
Air conditioning,28.57,410,60,60,290,1.1,0.2,0.2
Pizzicato,25.0,3690,135,131,3424,10.2,0.4,0.4
"Ratchet, pawl",22.22,700,61,60,579,1.9,0.2,0.2
Chirp tone,22.22,231,60,60,111,0.6,0.2,0.2
Heavy engine (low frequency),20.0,4233,60,60,4113,11.7,0.2,0.2
Rustling leaves,20.0,1728,60,60,1608,4.8,0.2,0.2
Speech synthesizer,20.0,1713,60,60,1593,4.8,0.2,0.2
Rustle,20.0,1481,60,60,1361,4.1,0.2,0.2
Clatter,20.0,1353,60,60,1233,3.7,0.2,0.2
Slam,20.0,845,60,61,724,2.2,0.2,0.2
Eruption,20.0,797,60,60,677,2.2,0.2,0.2
Cap gun,20.0,671,60,60,551,1.9,0.2,0.2
Synthetic singing,20.0,650,60,60,530,1.8,0.2,0.2
Shuffle,20.0,570,60,60,450,1.6,0.2,0.2
Wind chime,20.0,567,60,60,447,1.6,0.2,0.2
Chop,20.0,434,60,60,314,1.2,0.2,0.2
Scrape,20.0,417,60,60,297,1.1,0.2,0.2
Squish,20.0,376,60,60,256,1.0,0.2,0.2
Foghorn,20.0,218,60,60,98,0.6,0.2,0.2
"Dental drill, dentist's drill",20.0,182,60,60,62,0.5,0.2,0.2
Harmonic,16.67,747,60,60,627,2.1,0.2,0.2
Static,12.5,526,60,60,406,1.4,0.2,0.2
"Sailboat, sailing ship",11.11,2680,60,60,2560,7.4,0.2,0.2
"Cutlery, silverware",11.11,874,60,60,754,2.4,0.2,0.2
Gears,11.11,616,60,60,496,1.7,0.2,0.2
Chopping (food),11.11,206,60,60,86,0.6,0.2,0.2
Creak,11.11,149,60,60,29,0.4,0.2,0.2
Fusillade,10.0,1649,60,61,1528,4.6,0.2,0.2
Roll,0.0,2048,60,60,1928,5.7,0.2,0.2
Electronic tuner,0.0,1439,60,60,1319,4.0,0.2,0.2
Patter,0.0,710,60,60,590,2.0,0.2,0.2
Electronic music,-1.0,38958,60,109,38789,108.2,0.2,0.3
Dubstep,-1.0,18695,94,60,18541,51.9,0.3,0.2
Techno,-1.0,17264,95,60,17109,47.9,0.3,0.2
Rock and roll,-1.0,9321,86,60,9175,25.9,0.2,0.2
Pop music,-1.0,8813,89,63,8661,24.5,0.2,0.2
Rock music,-1.0,8475,92,69,8314,23.5,0.3,0.2
Hip hop music,-1.0,7745,66,61,7618,21.5,0.2,0.2
Classical music,-1.0,6874,61,60,6753,19.1,0.2,0.2
Soundtrack music,-1.0,6630,60,60,6510,18.4,0.2,0.2
House music,-1.0,6609,62,60,6487,18.4,0.2,0.2
Heavy metal,-1.0,6459,69,60,6330,17.9,0.2,0.2
Exciting music,-1.0,5638,60,60,5518,15.6,0.2,0.2
Country,-1.0,5530,61,60,5409,15.4,0.2,0.2
Electronica,-1.0,5441,87,60,5294,15.1,0.2,0.2
Rhythm and blues,-1.0,5133,65,61,5007,14.3,0.2,0.2
Background music,-1.0,4956,61,60,4835,13.8,0.2,0.2
Dance music,-1.0,4930,86,62,4782,13.7,0.2,0.2
Jazz,-1.0,4930,60,60,4810,13.7,0.2,0.2
Mantra,-1.0,4904,60,61,4783,13.6,0.2,0.2
Blues,-1.0,4768,63,62,4643,13.2,0.2,0.2
Trance music,-1.0,4473,60,60,4353,12.4,0.2,0.2
Electronic dance music,-1.0,4453,87,67,4299,12.4,0.2,0.2
Theme music,-1.0,4342,61,61,4220,12.0,0.2,0.2
Gospel music,-1.0,4287,61,62,4164,11.9,0.2,0.2
Music of Latin America,-1.0,4141,60,60,4021,11.5,0.2,0.2
Disco,-1.0,4137,62,64,4011,11.5,0.2,0.2
Tender music,-1.0,4091,60,60,3971,11.4,0.2,0.2
Punk rock,-1.0,4074,64,61,3949,11.3,0.2,0.2
Funk,-1.0,4065,61,60,3944,11.3,0.2,0.2
Music of Asia,-1.0,3924,65,64,3795,10.9,0.2,0.2
Drum and bass,-1.0,3753,77,60,3616,10.4,0.2,0.2
Vocal music,-1.0,3672,73,60,3539,10.2,0.2,0.2
Progressive rock,-1.0,3529,68,62,3399,9.8,0.2,0.2
Music for children,-1.0,3511,62,60,3389,9.7,0.2,0.2
Video game music,-1.0,3369,60,60,3249,9.3,0.2,0.2
Lullaby,-1.0,3247,60,60,3127,9.0,0.2,0.2
Reggae,-1.0,3229,60,62,3107,9.0,0.2,0.2
New-age music,-1.0,3162,60,60,3042,8.8,0.2,0.2
Christian music,-1.0,3118,60,66,2992,8.7,0.2,0.2
Independent music,-1.0,3019,63,62,2894,8.4,0.2,0.2
Soul music,-1.0,2930,70,61,2799,8.1,0.2,0.2
Music of Africa,-1.0,2907,95,60,2752,8.1,0.3,0.2
Ambient music,-1.0,2835,60,60,2715,7.9,0.2,0.2
Bluegrass,-1.0,2722,62,60,2600,7.6,0.2,0.2
Afrobeat,-1.0,2704,65,60,2579,7.5,0.2,0.2
Salsa music,-1.0,2559,60,62,2437,7.1,0.2,0.2
Music of Bollywood,-1.0,2525,60,60,2405,7.0,0.2,0.2
Beatboxing,-1.0,2483,61,60,2362,6.9,0.2,0.2
Flamenco,-1.0,2365,61,60,2244,6.6,0.2,0.2
Psychedelic rock,-1.0,2296,59,60,2177,6.4,0.2,0.2
Opera,-1.0,2277,60,60,2157,6.3,0.2,0.2
Folk music,-1.0,2220,61,60,2099,6.2,0.2,0.2
Christmas music,-1.0,2138,60,61,2017,5.9,0.2,0.2
Middle Eastern music,-1.0,2088,60,60,1968,5.8,0.2,0.2
Grunge,-1.0,2018,61,61,1896,5.6,0.2,0.2
Song,-1.0,1979,164,77,1738,5.5,0.5,0.2
A capella,-1.0,1917,61,60,1796,5.3,0.2,0.2
Sad music,-1.0,1770,60,60,1650,4.9,0.2,0.2
Traditional music,-1.0,1754,60,60,1634,4.9,0.2,0.2
Scary music,-1.0,1737,60,60,1617,4.8,0.2,0.2
Ska,-1.0,1722,59,61,1602,4.8,0.2,0.2
Chant,-1.0,1714,60,60,1594,4.8,0.2,0.2
Carnatic music,-1.0,1663,63,61,1539,4.6,0.2,0.2
Swing music,-1.0,1638,60,60,1518,4.5,0.2,0.2
Happy music,-1.0,1459,60,61,1338,4.1,0.2,0.2
Jingle (music),-1.0,1438,60,60,1318,4.0,0.2,0.2
Funny music,-1.0,1155,60,60,1035,3.2,0.2,0.2
Angry music,-1.0,1105,60,60,985,3.1,0.2,0.2
Wedding music,-1.0,811,60,60,691,2.3,0.2,0.2
Engine knocking,-1.0,718,63,60,595,2.0,0.2,0.2
